<?xml version="1.0" encoding="utf-8"?>
<doctrine-mapping xmlns="http://doctrine-project.org/schemas/orm/doctrine-mapping" xmlns:xsi="http://www.w3.org/2001/XMLSchema-instance" xsi:schemaLocation="http://doctrine-project.org/schemas/orm/doctrine-mapping http://doctrine-project.org/schemas/orm/doctrine-mapping.xsd">
  <entity name="Area" table="area">
    <indexes>
      <index name="institucion" columns="institucion,administrador"/>
      <index name="FK_administrador_area" columns="administrador"/>
      <index name="IDX_D7943D68F751F7C3" columns="institucion"/>
    </indexes>
    <unique-constraints>
      <unique-constraint name="nombre" columns="nombre"/>
    </unique-constraints>
    <id name="codigo" type="integer" column="codigo">
      <generator strategy="IDENTITY"/>
    </id>
    <field name="nombre" type="string" column="nombre" length="50" nullable="false"/>
    <field name="descripcion" type="string" column="descripcion" length="3000" nullable="false"/>
    <many-to-one field="institucion" target-entity="Institucion">
      <join-columns>
        <join-column name="institucion" referenced-column-name="codigo"/>
      </join-columns>
    </many-to-one>
    <many-to-one field="administrador" target-entity="Administrador">
      <join-columns>
        <join-column name="administrador" referenced-column-name="codigo"/>
      </join-columns>
    </many-to-one>
  </entity>
</doctrine-mapping>
