<?xml version="1.0" encoding="utf-8"?>
<doctrine-mapping xmlns="http://doctrine-project.org/schemas/orm/doctrine-mapping" xmlns:xsi="http://www.w3.org/2001/XMLSchema-instance" xsi:schemaLocation="http://doctrine-project.org/schemas/orm/doctrine-mapping http://doctrine-project.org/schemas/orm/doctrine-mapping.xsd">
  <entity name="Departamento" table="departamento">
    <indexes>
      <index name="administrador" columns="administrador"/>
    </indexes>
    <id name="codigo" type="integer" column="codigo">
      <generator strategy="IDENTITY"/>
    </id>
    <field name="nombre" type="string" column="nombre" length="50" nullable="false"/>
    <field name="descripcion" type="string" column="descripcion" length="5000" nullable="false"/>
    <many-to-one field="administrador" target-entity="Administrador">
      <join-columns>
        <join-column name="administrador" referenced-column-name="codigo"/>
      </join-columns>
    </many-to-one>
  </entity>
</doctrine-mapping>
