<?xml version="1.0" encoding="utf-8"?>
<doctrine-mapping xmlns="http://doctrine-project.org/schemas/orm/doctrine-mapping" xmlns:xsi="http://www.w3.org/2001/XMLSchema-instance" xsi:schemaLocation="http://doctrine-project.org/schemas/orm/doctrine-mapping http://doctrine-project.org/schemas/orm/doctrine-mapping.xsd">
  <entity name="Institucion" table="institucion">
    <id name="codigo" type="integer" column="codigo">
      <generator strategy="IDENTITY"/>
    </id>
    <field name="nombre" type="string" column="nombre" length="60" nullable="false"/>
    <field name="ubicacion" type="string" column="ubicacion" length="1000" nullable="false"/>
    <field name="historia" type="string" column="historia" length="6000" nullable="false"/>
    <field name="encargados" type="string" column="encargados" length="600" nullable="false"/>
    <field name="telefono" type="string" column="telefono" length="20" nullable="false"/>
    <field name="descripcion" type="string" column="descripcion" length="3000" nullable="false"/>
    <field name="objetivos" type="string" column="objetivos" length="3000" nullable="false"/>
    <field name="mision" type="string" column="mision" length="3000" nullable="false"/>
    <field name="vision" type="string" column="vision" length="3000" nullable="false"/>
  </entity>
</doctrine-mapping>
