<?xml version="1.0" encoding="utf-8"?>
<doctrine-mapping xmlns="http://doctrine-project.org/schemas/orm/doctrine-mapping" xmlns:xsi="http://www.w3.org/2001/XMLSchema-instance" xsi:schemaLocation="http://doctrine-project.org/schemas/orm/doctrine-mapping http://doctrine-project.org/schemas/orm/doctrine-mapping.xsd">
  <entity name="Noticia" table="noticia">
    <indexes>
      <index name="codigo_area" columns="codigo_area"/>
    </indexes>
    <unique-constraints>
      <unique-constraint name="nombre" columns="nombre"/>
    </unique-constraints>
    <id name="codigo" type="integer" column="codigo">
      <generator strategy="IDENTITY"/>
    </id>
    <field name="nombre" type="string" column="nombre" length="100" nullable="false"/>
    <field name="fechaPublicacion" type="string" column="fecha_publicacion" length="10" nullable="false"/>
    <field name="fechaExpericaion" type="string" column="fecha_expericaion" length="10" nullable="false"/>
    <field name="descripcion" type="string" column="descripcion" length="1000" nullable="false"/>
    <field name="imagen" type="string" column="imagen" length="100" nullable="false"/>
    <many-to-one field="codigoArea" target-entity="Area">
      <join-columns>
        <join-column name="codigo_area" referenced-column-name="codigo"/>
      </join-columns>
    </many-to-one>
  </entity>
</doctrine-mapping>
