<?xml version="1.0" encoding="UTF-8"?>
<project-private xmlns="http://www.netbeans.org/ns/project-private/1">
    <editor-bookmarks xmlns="http://www.netbeans.org/ns/editor-bookmarks/2" lastBookmarkId="0"/>
    <open-files xmlns="http://www.netbeans.org/ns/projectui-open-files/2">
        <group>
            <file>file:/C:/xampp/htdocs/CE_Liceo_Paraiso_WEB/src/CELiceoParaisoApp/CELiceoParaisoBundle/Resources/views/visitor_view.html.twig</file>
            <file>file:/C:/xampp/htdocs/CE_Liceo_Paraiso_WEB/src/CELiceoParaisoApp/CELiceoParaisoBundle/Resources/config/routing.yml</file>
            <file>file:/C:/xampp/htdocs/CE_Liceo_Paraiso_WEB/src/CELiceoParaisoApp/CELiceoParaisoBundle/Resources/views/Default/index.html.twig</file>
            <file>file:/C:/xampp/htdocs/CE_Liceo_Paraiso_WEB/src/CELiceoParaisoApp/CELiceoParaisoBundle/Resources/views/Default/diurnal_view.html.twig</file>
        </group>
    </open-files>
</project-private>
